<?xml version="1.0" encoding="UTF-8" ?>
<resource_file type="PackedScene" subresource_count="1" version="2.1" version_name="Godot Engine v2.1.stable.official">
	<main_resource>
		<dictionary name="_bundled" shared="false">
			<string> "conn_count" </string>
			<int> 0 </int>
			<string> "conns" </string>
			<int_array  len="0"> 				 </int_array>
			<string> "editable_instances" </string>
			<array  len="0" shared="false">
			</array>
			<string> "names" </string>
			<string_array  len="1">
				<string> "Node2D" </string>
			</string_array>
			<string> "node_count" </string>
			<int> 1 </int>
			<string> "node_paths" </string>
			<array  len="0" shared="false">
			</array>
			<string> "nodes" </string>
			<int_array  len="7"> 				-1, -1, 0, 0, -1, 0, 0 </int_array>
			<string> "variants" </string>
			<array  len="0" shared="false">
			</array>
			<string> "version" </string>
			<int> 2 </int>
		</dictionary>

	</main_resource>
</resource_file>